名字,导演,主演,年份,时长,国家,类型,评分,评论人数,五星,四星,三星,二星,一星
肖申克的救赎,弗兰克·德拉邦特,蒂姆·罗宾斯,1994,142,美国,剧情 / 犯罪,9.6,967284,82.5,15.4,1.9,0.1,0.1
这个杀手不太冷,吕克·贝松,让·雷诺,1994,110,法国,剧情 / 动作 / 犯罪,9.4,914520,73.8,22.5,3.4,0.2,0.1
阿甘正传,罗伯特·泽米吉斯,汤姆·汉克斯,1994,142,美国,剧情 / 爱情,9.4,777606,74.1,22.1,3.5,0.2,0.1
盗梦空间,克里斯托弗·诺兰,莱昂纳多·迪卡普里奥,2010,148,美国 / 英国,剧情 / 动作 / 科幻 / 悬疑 / 冒险,9.3,821435,68.3,26.7,4.6,0.3,0.1
泰坦尼克号,詹姆斯·卡梅隆,莱昂纳多·迪卡普里奥,1998,194,美国,剧情 / 爱情 / 灾难,9.2,717889,68.3,25.8,5.5,0.3,0.1
千与千寻,宫崎骏,柊瑠美,2001,125,日本,剧情 / 动画 / 奇幻,9.2,727300,67.9,26.9,4.9,0.2,0.1
三傻大闹宝莱坞,拉吉库马尔·希拉尼,阿米尔·汗,2011,171,印度,剧情 / 喜剧 / 爱情 / 歌舞,9.2,733816,66.4,26.1,6.4,0.7,0.4
霸王别姬,陈凯歌,张国荣,1993,171,中国大陆 / 香港,剧情 / 爱情 / 同性,9.5,701753,79.8,17.4,2.6,0.2,0.1
海上钢琴师,朱塞佩·托纳多雷,蒂姆·罗斯,1998,165,意大利,剧情 / 音乐,9.2,636844,66.4,27.0,5.9,0.6,0.2
让子弹飞,姜文,姜文,2010,132,中国大陆 / 香港,剧情 / 喜剧 / 动作 / 西部,8.7,652761,50.0,36.8,11.5,1.2,0.5
当幸福来敲门,加布里埃莱·穆奇诺,威尔·史密斯,2008,117,美国,剧情 / 家庭 / 传记,8.9,582204,55.8,35.4,8.2,0.5,0.1
少年派的奇幻漂流,李安,苏拉·沙玛,2012,127,美国 / 台湾 / 英国 / 加拿大,剧情 / 奇幻 / 冒险,9.0,618577,60.7,31.6,7.0,0.5,0.2
怦然心动,罗伯·莱纳,玛德琳·卡罗尔,2010,90,美国,剧情 / 喜剧 / 爱情,8.9,601684,56.1,34.8,8.4,0.6,0.1
阿凡达,詹姆斯·卡梅隆,萨姆·沃辛顿,2010,162,美国 / 英国,动作 / 科幻 / 冒险,8.6,547261,47.4,37.0,14.0,1.2,0.4
大话西游之大圣娶亲,刘镇伟,周星驰,2014,95,香港 / 中国大陆,喜剧 / 爱情 / 奇幻 / 冒险,9.2,535074,66.8,26.1,6.5,0.5,0.2
剪刀手爱德华,蒂姆·波顿,约翰尼·德普,1990,105,美国,剧情 / 爱情 / 奇幻,8.7,508157,47.2,39.8,12.0,0.9,0.2
天使爱美丽,让-皮埃尔·热内,奥黛丽·塔图,2001,122,法国 / 德国,喜剧 / 爱情,8.7,505808,51.1,35.6,11.8,1.2,0.3
飞屋环游记,彼特·道格特 / 鲍勃·彼德森,爱德华·阿斯纳,2009,96,美国,剧情 / 喜剧 / 动画 / 冒险,8.9,533739,54.7,36.1,8.7,0.4,0.1
机器人总动员,安德鲁·斯坦顿,本·贝尔特,2008,98,美国,喜剧 / 科幻 / 动画,9.3,538482,70.0,24.8,4.8,0.3,0.1
那些年，我们一起追的女孩,九把刀,柯震东,2012,110,台湾,剧情 / 喜剧 / 爱情,8.1,513710,32.4,43.7,21.0,2.2,0.6
放牛班的春天,克里斯托夫·巴拉蒂,热拉尔·朱尼奥,2004,97,法国 / 瑞士 / 德国,剧情 / 音乐,9.2,491600,65.6,29.3,4.8,0.2,0.1
楚门的世界,彼得·威尔,金·凯瑞,1998,103,美国,剧情 / 科幻,9.1,503431,61.4,32.3,5.9,0.3,0.1
忠犬八公的故事,拉斯·霍尔斯道姆,理查·基尔,2009,93,美国 / 英国,剧情,9.2,502947,68.2,25.7,5.6,0.4,0.1
疯狂动物城,拜伦·霍华德 / 瑞奇·摩尔 / 杰拉德·布什,金妮弗·古德温,2016,109,美国,喜剧 / 动画 / 冒险,9.2,549708,64.3,29.8,5.5,0.3,0.1
初恋这件小事,普特鹏·普罗萨卡·那·萨克那卡林 / 华森·波克彭,平采娜·乐维瑟派布恩,2012,118,泰国,剧情 / 喜剧 / 爱情,8.3,464523,37.1,41.9,18.6,2.0,0.5
星际穿越,克里斯托弗·诺兰,马修·麦康纳,2014,169,美国 / 英国 / 加拿大 / 冰岛,剧情 / 科幻 / 冒险,9.2,530394,65.9,27.0,6.2,0.6,0.3
七宗罪,大卫·芬奇,摩根·弗里曼,1995,127,美国,剧情 / 悬疑 / 惊悚 / 犯罪,8.7,456092,48.7,40.4,10.2,0.6,0.2
龙猫,宫崎骏,日高法子,1988,86,日本,动画 / 家庭 / 儿童 / 奇幻,9.1,453848,63.7,29.6,6.3,0.3,0.1
美丽人生,罗伯托·贝尼尼,罗伯托·贝尼尼,1997,116,意大利,剧情 / 喜剧 / 爱情 / 战争,9.5,454658,77.7,19.1,2.9,0.2,0.1
无间道,刘伟强 / 麦兆辉,刘德华,2003,101,香港,剧情 / 悬疑 / 犯罪,9.0,436899,59.1,33.7,6.8,0.3,0.1
大话西游之月光宝盒,刘镇伟,周星驰,2014,87,香港 / 中国大陆,喜剧 / 爱情 / 奇幻 / 冒险,8.9,431480,57.1,33.1,9.0,0.6,0.2
罗马假日,威廉·惠勒,奥黛丽·赫本,1953,118,美国,剧情 / 喜剧 / 爱情,8.9,411852,56.1,35.3,8.2,0.4,0.1
V字仇杀队,詹姆斯·麦克特格,娜塔莉·波特曼,2005,132,美国 / 英国 / 德国,剧情 / 动作 / 科幻 / 惊悚,8.8,446154,54.7,33.5,10.2,1.2,0.4
辛德勒的名单,史蒂文·斯皮尔伯格,连姆·尼森,1993,195,美国,剧情 / 历史 / 战争,9.4,415129,74.8,21.8,3.1,0.2,0.1
黑天鹅,达伦·阿伦诺夫斯基,娜塔莉·波特曼,2010,108,美国,剧情 / 惊悚,8.5,427669,40.4,45.8,12.7,0.9,0.2
人再囧途之泰囧,徐峥,徐峥,2012,105,中国大陆,喜剧,7.4,443347,19.6,41.1,32.3,5.2,1.7
贫民窟的百万富翁,丹尼·博伊尔 / 洛芙琳·坦丹,戴夫·帕特尔,2009,120,英国 / 美国,剧情 / 爱情,8.5,404916,40.5,45.1,13.4,0.8,0.2
本杰明·巴顿奇事,大卫·芬奇,凯特·布兰切特,2008,166,美国,剧情 / 爱情 / 奇幻,8.7,412898,49.9,38.4,10.8,0.8,0.1
蝴蝶效应,埃里克·布雷斯 / J·麦基·格鲁伯,阿什顿·库彻,2004,113,美国 / 加拿大,剧情 / 科幻 / 悬疑 / 惊悚,8.7,400076,47.2,40.8,10.9,0.8,0.2
情书,岩井俊二,中山美穗,1999,117,日本,剧情 / 爱情,8.8,397691,53.6,34.9,10.5,0.8,0.2
源代码,邓肯·琼斯,杰克·吉伦哈尔,2011,93,美国 / 加拿大,爱情 / 科幻 / 悬疑 / 惊悚,8.3,412121,34.0,49.8,15.2,0.9,0.1
失恋33天,滕华涛,白百何,2011,110,中国大陆,剧情 / 爱情,7.3,391163,14.9,42.0,37.1,4.9,1.1
摔跤吧！爸爸,涅提·蒂瓦里,阿米尔·汗,2017,161,印度,剧情 / 家庭 / 传记 / 运动,9.1,473481,61.8,31.7,5.9,0.4,0.2
战狼2,吴京,吴京,2017,123,中国大陆,动作,7.2,476424,20.9,36.2,30.2,7.7,5.0
你的名字。,新海诚,神木隆之介,2016,106,日本,剧情 / 爱情 / 动画,8.4,462571,43.4,38.2,16.2,1.7,0.5
沉默的羔羊,乔纳森·戴米,朱迪·福斯特,1991,118,美国,剧情 / 惊悚 / 犯罪,8.7,371107,48.0,41.2,10.0,0.6,0.1
教父,弗朗西斯·福特·科波拉,马龙·白兰度,1972,175,美国,剧情 / 犯罪,9.2,370723,68.0,25.4,5.9,0.5,0.2
西西里的美丽传说,朱塞佩·托纳多雷,莫妮卡·贝鲁奇,2000,84,意大利 / 美国,剧情 / 情色 / 战争,8.7,369989,48.2,41.1,10.0,0.6,0.1
哈尔的移动城堡,宫崎骏,倍赏千惠子,2004,119,日本,爱情 / 动画 / 奇幻 / 冒险,8.9,376682,54.7,35.4,9.2,0.6,0.1
加勒比海盗,戈尔·维宾斯基,约翰尼·德普,2003,143,美国,动作 / 奇幻 / 冒险,8.6,359805,43.5,43.5,12.2,0.7,0.1
神偷奶爸,皮埃尔·柯芬 / 克里斯·雷纳德,史蒂夫·卡瑞尔,2010,95,美国 / 法国,喜剧 / 动画 / 冒险,8.5,390383,40.4,45.5,13.3,0.7,0.1
触不可及,奥利维埃·纳卡什 / 埃里克·托莱达诺,弗朗索瓦·克鲁塞,2011,112,法国,剧情 / 喜剧,9.1,397364,63.4,30.8,5.4,0.3,0.1
天空之城,宫崎骏,田中真弓,1992(中国大陆) / 1986,125,日本,动画 / 奇幻 / 冒险,9.0,356374,58.7,33.8,7.1,0.3,0.1
禁闭岛,马丁·斯科塞斯,莱昂纳多·迪卡普里奥,2010,138,美国,剧情 / 悬疑 / 惊悚,8.6,375961,44.6,44.1,10.5,0.7,0.2
老炮儿,管虎,冯小刚,2015,137,中国大陆,剧情 / 犯罪,7.9,413494,29.6,42.8,22.3,3.6,1.7
美人鱼,周星驰,邓超,2016,93,中国大陆 / 香港,喜剧 / 爱情 / 奇幻,6.8,416613,14.4,30.5,38.2,12.0,4.9
重庆森林,王家卫,林青霞,1994,102,香港,剧情 / 爱情,8.7,345862,47.1,40.1,11.6,0.9,0.3
北京遇上西雅图,薛晓路,汤唯,2013,123,中国大陆 / 香港,喜剧 / 爱情,7.4,378078,16.4,43.0,34.4,4.9,1.3
疯狂原始人,柯克·德·米科 / 克里斯·桑德斯,尼古拉斯·凯奇,2013,98,美国,喜剧 / 动画 / 冒险,8.7,380391,48.5,38.8,11.7,0.7,0.2
低俗小说,昆汀·塔伦蒂诺,约翰·特拉沃尔塔,1994,154,美国,剧情 / 喜剧 / 犯罪,8.8,352347,51.6,36.5,10.6,1.0,0.3
闻香识女人,马丁·布莱斯,阿尔·帕西诺,1992,157,美国,剧情,8.9,344296,55.6,35.6,8.2,0.5,0.1
唐伯虎点秋香,李力持,周星驰,1993,102,香港,喜剧 / 爱情 / 古装,8.4,335020,37.8,45.4,15.7,1.0,0.2
穿普拉达的女王,大卫·弗兰科尔,安妮·海瑟薇,2007,109,美国 / 法国,剧情 / 爱情,7.9,337940,23.6,50.9,24.1,1.3,0.2
致命魔术,克里斯托弗·诺兰,休·杰克曼,2006,130,美国 / 英国,剧情 / 悬疑 / 惊悚,8.8,362827,50.9,39.0,9.3,0.7,0.2
后会无期,韩寒,冯绍峰,2014,104,中国大陆,剧情,7.1,390032,16.7,36.4,35.7,8.1,3.1
断背山,李安,希斯·莱杰,2005,134,美国 / 加拿大,剧情 / 爱情 / 同性 / 家庭,8.6,332815,47.3,38.5,13.1,0.9,0.2
国王的演讲,汤姆·霍珀,科林·费尔斯,2012,118,英国 / 澳大利亚 / 美国,剧情 / 传记 / 历史,8.3,341635,32.5,51.3,15.3,0.8,0.2
超能陆战队,唐·霍尔 / 克里斯·威廉姆斯,斯科特·安第斯,2015,102,美国,喜剧 / 动作 / 科幻 / 动画 / 冒险,8.6,377546,44.5,41.6,12.8,0.9,0.2
告白,中岛哲也,松隆子,2010,106,日本,剧情 / 惊悚,8.7,356143,49.0,37.9,11.1,1.4,0.6
蝙蝠侠：黑暗骑士,克里斯托弗·诺兰,克里斯蒂安·贝尔,2008,152,美国 / 英国,剧情 / 动作 / 科幻 / 惊悚 / 犯罪,9.0,349967,61.9,29.3,7.9,0.6,0.2
天堂电影院,朱塞佩·托纳多雷,安东内拉·阿蒂利,1988,155,意大利 / 法国,剧情 / 爱情,9.1,328562,63.7,29.7,6.1,0.4,0.1
中国合伙人,陈可辛,黄晓明,2013,112,中国大陆 / 香港,剧情,7.6,361707,19.2,47.1,29.2,3.6,0.9
消失的爱人,大卫·芬奇,本·阿弗莱克,2014,149,美国,剧情 / 悬疑 / 惊悚 / 犯罪,8.7,369945,46.9,42.9,9.4,0.7,0.2
指环王1：魔戒再现,彼得·杰克逊,伊利亚·伍德,2002,178,新西兰 / 美国,剧情 / 动作 / 奇幻 / 冒险,8.9,320401,56.7,33.1,9.3,0.7,0.2
美丽心灵,朗·霍华德,罗素·克劳,2001,135,美国,剧情 / 传记,8.9,322581,54.0,37.7,7.8,0.4,0.1
西游降魔篇,周星驰 / 郭子健,文章,2013,110,中国大陆 / 香港,喜剧 / 奇幻 / 冒险,7.1,361136,14.9,38.5,35.9,8.1,2.7
勇敢的心,梅尔·吉布森,梅尔·吉布森,1995,177,美国,剧情 / 动作 / 传记 / 历史 / 战争,8.8,307443,53.3,35.5,10.2,0.8,0.2
志明与春娇,彭浩翔,杨千嬅,2010,104,香港,剧情 / 喜剧 / 爱情,8.0,331180,27.3,47.9,22.3,2.1,0.4
西游记之大圣归来,田晓鹏,张磊,2015,89,中国大陆,喜剧 / 动作 / 动画 / 奇幻,8.2,381884,38.1,39.7,18.5,2.6,1.1
夏洛特烦恼,闫非 / 彭大魔,沈腾,2015,104,中国大陆,喜剧 / 爱情,7.4,377725,23.4,38.0,28.4,6.9,3.3
寻梦环游记,李·昂克里奇 / 阿德里安·莫利纳,安东尼·冈萨雷斯,2017,105,美国,喜剧 / 动画 / 音乐 / 家庭 / 冒险,9.1,398968,60.6,32.0,6.8,0.4,0.1
两小无猜,杨·塞谬尔,吉约姆·卡内,2003,93,法国 / 比利时,剧情 / 喜剧 / 爱情,8.1,316742,36.9,38.1,19.4,3.9,1.6
疯狂的石头,宁浩,郭涛,2006,106,中国大陆 / 香港,喜剧 / 犯罪,8.2,315585,34.2,46.3,17.6,1.6,0.4
釜山行,延尚昊,孔侑,2016,118,韩国,动作 / 惊悚 / 灾难,8.3,375028,34.2,47.0,16.6,1.6,0.6
傲慢与偏见,乔·赖特,凯拉·奈特莉,2005,129,法国 / 英国 / 美国,剧情 / 爱情,8.4,309910,40.2,43.5,14.9,1.2,0.3
致命ID,詹姆斯·曼高德,约翰·库萨克,2003,90,美国,剧情 / 悬疑 / 惊悚,8.6,332432,44.6,43.7,10.7,0.8,0.2
入殓师,泷田洋二郎,本木雅弘,2008,130,日本,剧情,8.8,330336,50.5,39.5,9.4,0.5,0.1
喜剧之王,周星驰 / 李力持,周星驰,1999,85,香港,剧情 / 喜剧 / 爱情,8.5,324951,42.3,42.4,14.2,0.9,0.1
狮子王,罗杰·阿勒斯 / 罗伯·明可夫,乔纳森·泰勒·托马斯,1995,89,美国,剧情 / 动画 / 歌舞 / 家庭 / 冒险,8.9,298603,54.5,36.2,8.9,0.3,0.1
致我们终将逝去的青春,赵薇,杨子姗,2013,132,中国大陆,剧情 / 爱情,6.6,339493,10.3,30.0,43.0,12.5,4.3
真爱至上,理查德·柯蒂斯,休·格兰特,2003,135,英国 / 美国 / 法国,剧情 / 喜剧 / 爱情,8.5,323562,44.5,38.7,15.2,1.3,0.3
功夫熊猫,马克·奥斯本 / 约翰·斯蒂文森,杰克·布莱克,2008,95,美国,喜剧 / 动作 / 动画 / 冒险,7.9,302419,24.7,49.3,24.0,1.7,0.3
指环王3：王者无敌,彼得·杰克逊,维果·莫腾森,2004,201,美国 / 新西兰,剧情 / 动作 / 奇幻 / 冒险,9.1,304128,63.7,28.1,7.4,0.5,0.2
王牌特工：特工学院,马修·沃恩,塔伦·埃格顿,2015,125,英国 / 美国,喜剧 / 动作 / 冒险,8.4,351163,39.5,43.7,14.9,1.5,0.4
湄公河行动,林超贤,张涵予,2016,124,中国大陆 / 香港,动作 / 犯罪,8.0,366071,28.3,46.3,22.1,2.6,0.7
恐怖游轮,克里斯托弗·史密斯,梅利莎·乔治,2009,99,英国 / 澳大利亚,剧情 / 悬疑 / 惊悚,8.3,329288,37.2,44.7,15.9,1.7,0.5
复仇者联盟,乔斯·韦登,小罗伯特·唐尼,2012,142,美国,动作 / 科幻 / 奇幻 / 冒险,8.0,327110,28.6,46.2,22.2,2.3,0.6
黑客帝国,莉莉·沃卓斯基 / 拉娜·沃卓斯基,基努·里维斯,1999,136,美国 / 澳大利亚,动作 / 科幻,8.8,296110,53.5,35.1,10.5,0.8,0.2
岁月神偷,罗启锐,吴君如,2010,117,香港 / 中国大陆,剧情 / 家庭,8.6,315225,45.8,40.8,12.3,0.9,0.2
乱世佳人,维克多·弗莱明 / 乔治·库克 / 山姆·伍德,托马斯·米切尔,1939,238,美国,剧情 / 爱情 / 历史 / 战争,9.2,289607,67.2,26.9,5.4,0.3,0.1
金陵十三钗,张艺谋,克里斯蒂安·贝尔,2011,145,中国大陆 / 香港,剧情 / 历史 / 战争,8.0,322570,29.3,45.7,20.9,2.8,1.2
和莎莫的500天,马克·韦布,约瑟夫·高登-莱维特,2009,95,美国,剧情 / 喜剧 / 爱情,8.0,313131,27.3,48.1,22.3,1.9,0.4
爱乐之城,达米恩·查泽雷,瑞恩·高斯林,2017,128,美国,剧情 / 爱情 / 歌舞,8.3,359990,40.5,39.0,17.4,2.5,0.7
寻龙诀,乌尔善,陈坤,2015,125,中国大陆 / 香港,剧情 / 动作 / 奇幻 / 冒险,7.5,347661,19.4,44.6,29.6,4.9,1.4
布达佩斯大饭店,韦斯·安德森,拉尔夫·费因斯,2014,99,美国 / 德国 / 英国,剧情 / 喜剧,8.8,327144,50.2,38.4,10.3,0.9,0.2
人在囧途,叶伟民,徐峥,2010,91,中国大陆,喜剧,7.5,301912,15.2,47.4,33.1,3.6,0.7
指环王2：双塔奇兵,彼得·杰克逊,伊利亚·伍德,2003,179,美国 / 新西兰,剧情 / 动作 / 奇幻 / 冒险,9.0,286527,58.0,32.6,8.6,0.6,0.2
活着,张艺谋,葛优,1994,132,中国大陆 / 香港,剧情 / 家庭 / 历史,9.1,292552,61.8,31.6,6.1,0.4,0.1
冰川时代,卡洛斯·沙尔丹哈 / 克里斯·韦奇,雷·罗马诺,2002,81,美国,喜剧 / 动画 / 冒险,8.4,276908,37.2,48.3,13.8,0.6,0.1
飞越疯人院,米洛斯·福尔曼,杰克·尼科尔森,1975,133,美国,剧情,9.0,292336,59.9,32.3,7.1,0.5,0.2
2012,罗兰·艾默里奇,约翰·库萨克,2009,158,美国 / 加拿大,动作 / 科幻 / 冒险 / 灾难,7.7,293317,20.5,48.9,27.4,2.7,0.6
死亡诗社,彼得·威尔,罗宾·威廉姆斯,1989,128,美国,剧情,8.9,297135,57.3,33.6,8.3,0.7,0.2
恋恋笔记本,尼克·卡萨维茨,瑞恩·高斯林,2004,123,美国,剧情 / 爱情,8.5,290002,41.9,41.1,15.3,1.4,0.3
秒速5厘米,新海诚,水桥研二,2007,63,日本,剧情 / 爱情 / 动画,8.3,301660,41.7,36.6,18.3,2.6,0.7
射雕英雄传之东成西就,刘镇伟,梁朝伟,1993,113,香港,喜剧 / 古装,8.7,287205,52.5,32.7,12.5,1.7,0.6
阳光灿烂的日子,姜文,夏雨,1995,134,中国大陆 / 香港,剧情,8.7,283147,49.0,40.2,10.0,0.6,0.1
功夫,周星驰,周星驰,2004,100,中国大陆 / 香港,喜剧 / 动作 / 犯罪 / 奇幻,8.0,286014,31.0,40.8,25.1,2.7,0.4
朗读者,史蒂芬·戴德利,凯特·温丝莱特,2008,124,美国 / 德国,剧情 / 爱情,8.5,282278,39.3,47.0,12.9,0.7,0.1
蓝色大门,易智言,陈柏霖,2002,85,台湾 / 法国,剧情 / 爱情 / 同性,8.3,273655,35.4,44.2,18.7,1.4,0.2
被嫌弃的松子的一生,中岛哲也,中谷美纪,2006,130,日本,剧情 / 歌舞,8.9,306427,55.7,33.5,9.2,1.1,0.4
暮光之城,凯瑟琳·哈德威克,克里斯汀·斯图尔特,2009,122,美国,剧情 / 爱情 / 惊悚 / 奇幻,7.3,280799,18.7,38.3,34.1,6.7,2.1
我的野蛮女友,郭在容,车太贤,2001,123,韩国,剧情 / 喜剧 / 爱情,8.1,269766,30.4,45.5,22.4,1.5,0.3
记忆碎片,克里斯托弗·诺兰,盖·皮尔斯,2000,113,美国,剧情 / 悬疑 / 惊悚 / 犯罪,8.5,287070,42.8,42.9,12.8,1.2,0.3
两杆大烟枪,盖·里奇,杰森·弗莱明,1998,107,英国,剧情 / 喜剧 / 犯罪,9.1,288529,61.0,31.5,6.8,0.6,0.2
蝙蝠侠：黑暗骑士崛起,克里斯托弗·诺兰,克里斯蒂安·贝尔,2012,165,美国 / 英国,剧情 / 动作 / 科幻 / 惊悚 / 犯罪,8.6,300096,44.2,41.1,13.1,1.2,0.3
心灵捕手,格斯·范·桑特,马特·达蒙,1997,126,美国,剧情,8.8,284704,49.0,40.7,9.6,0.6,0.1
东邪西毒,王家卫,张国荣,1994,100,香港 / 台湾,剧情 / 动作 / 爱情 / 武侠 / 古装,8.6,257783,46.3,38.3,13.5,1.5,0.5
驯龙高手,迪恩·德布洛斯 / 克里斯·桑德斯,杰伊·巴鲁切尔,2010,98,美国,喜剧 / 动画 / 家庭 / 奇幻 / 冒险,8.7,294812,45.7,42.2,11.4,0.6,0.1
一天,罗勒·莎菲,安妮·海瑟薇,2011,107,美国 / 英国,剧情 / 爱情,7.8,289112,24.7,44.4,27.5,3.0,0.4
倩女幽魂,程小东,张国荣,2011,98,香港,剧情 / 爱情 / 武侠 / 古装,8.6,262920,43.8,43.9,11.7,0.5,0.1
冰雪奇缘,克里斯·巴克 / 珍妮弗·李,克里斯汀·贝尔,2014,102,美国,喜剧 / 动画 / 歌舞 / 奇幻,8.3,309570,34.9,45.3,18.1,1.5,0.3
听说,郑芬芬,彭于晏,2015,107,台湾,剧情 / 爱情,8.1,279729,28.7,48.5,21.1,1.6,0.2
香水,汤姆·提克威,本·卫肖,2006,147,德国 / 法国 / 西班牙 / 美国,剧情 / 犯罪 / 奇幻,8.4,280701,40.2,43.4,14.3,1.5,0.5
哈利·波特与死亡圣器(下),大卫·叶茨,丹尼尔·雷德克里夫,2011,130,美国 / 英国,剧情 / 悬疑 / 奇幻 / 冒险,8.6,280415,49.0,36.0,13.5,1.1,0.4
他其实没那么喜欢你,肯·卡皮斯,詹妮弗·安妮斯顿,2009,129,美国 / 德国 / 荷兰,剧情 / 喜剧 / 爱情,7.7,279264,20.8,47.7,28.9,2.2,0.3
哈利·波特与魔法石,克里斯·哥伦布,丹尼尔·雷德克里夫,2002,152,美国 / 英国,奇幻 / 冒险,8.7,270131,48.4,39.3,11.5,0.6,0.2
驴得水,周申 / 刘露,任素汐,2016,111,中国大陆,剧情 / 喜剧,8.3,326154,38.3,42.8,15.3,2.6,1.0
一代宗师,王家卫,梁朝伟,2013,111,中国大陆 / 香港,剧情 / 动作 / 传记,7.8,294539,26.8,42.9,24.7,4.2,1.4
看不见的客人,奥里奥尔·保罗,马里奥·卡萨斯,2017,106,西班牙,剧情 / 悬疑 / 惊悚 / 犯罪,8.8,327646,47.6,43.0,8.9,0.4,0.1
史密斯夫妇,道格·里曼,布拉德·皮特,2005,120,美国,喜剧 / 动作 / 爱情,7.6,258005,17.9,46.3,32.5,2.8,0.5
非诚勿扰,冯小刚,葛优,2008,130,中国大陆,喜剧 / 爱情,7.1,262335,11.2,41.6,40.6,5.4,1.1
火星救援,雷德利·斯科特,马特·达蒙,2015,144,美国 / 英国,剧情 / 科幻 / 冒险,8.4,309218,35.5,49.1,14.3,0.9,0.2
风声,陈国富 / 高群书,周迅,2009,118,中国大陆,剧情 / 惊悚 / 战争 / 犯罪,8.0,277646,25.5,53.2,19.6,1.4,0.3
春娇与志明,彭浩翔,杨千嬅,2012,111,香港 / 中国大陆,剧情 / 喜剧 / 爱情,7.3,270084,16.5,41.2,35.6,5.5,1.2
阳光姐妹淘,姜炯哲,沈恩京,2011,124,韩国,剧情 / 喜剧,8.8,280419,51.3,37.2,10.3,0.9,0.3
社交网络,大卫·芬奇,杰西·艾森伯格,2010,120,美国,剧情 / 传记,8.1,270704,29.0,50.1,19.4,1.3,0.2
血战钢锯岭,梅尔·吉布森,安德鲁·加菲尔德,2016,139,美国 / 澳大利亚,剧情 / 传记 / 历史 / 战争,8.7,315317,46.9,41.4,10.6,0.8,0.3
功夫熊猫2,吕寅荣,杰克·布莱克,2011,91,美国,喜剧 / 动作 / 动画 / 冒险,8.0,270570,26.6,48.3,23.1,1.7,0.3
画皮,陈嘉上 / 钱永强,甄子丹,2008,103,中国大陆 / 香港 / 新加坡,剧情 / 爱情 / 惊悚 / 奇幻,6.5,253652,6.2,28.8,52.2,10.7,2.1
不能说的秘密,周杰伦,周杰伦,2007,101,香港 / 台湾,剧情 / 爱情 / 音乐 / 奇幻,7.6,260085,22.6,40.5,32.3,3.9,0.7
乘风破浪,韩寒,邓超,2017,102,中国大陆,剧情 / 喜剧,6.8,315414,11.2,33.9,41.3,10.1,3.5
猜火车,丹尼·博伊尔,伊万·麦克格雷格,1996,94,英国,剧情 / 犯罪,8.5,253702,43.8,40.5,14.0,1.4,0.4
花样年华,王家卫,梁朝伟,2000,98,香港 / 法国,剧情 / 爱情,8.5,252657,40.8,44.8,13.3,0.9,0.2
拯救大兵瑞恩,史蒂文·斯皮尔伯格,汤姆·汉克斯,1998,169,美国,剧情 / 历史 / 战争,8.9,251599,53.2,37.5,8.6,0.5,0.1
大鱼,蒂姆·波顿,伊万·麦克格雷格,2003,125,美国,剧情 / 家庭 / 奇幻 / 冒险,8.7,263174,50.1,38.0,10.8,0.9,0.2
音乐之声,罗伯特·怀斯,朱莉·安德鲁斯,1965,174,美国,剧情 / 爱情 / 歌舞 / 传记,8.9,243610,55.3,35.6,8.7,0.4,0.1
羞羞的铁拳,宋阳 / 张吃鱼,艾伦,2017,100,中国大陆,喜剧 / 奇幻,7.0,310074,12.4,37.3,40.2,8.1,1.9
春光乍泄,王家卫,张国荣,1997,96,香港 / 日本 / 韩国,剧情 / 爱情 / 同性,8.8,259752,52.2,36.9,10.0,0.7,0.2
了不起的盖茨比,巴兹·鲁赫曼,莱昂纳多·迪卡普里奥,2013,143,澳大利亚 / 美国,剧情 / 爱情,7.7,276991,21.0,46.3,29.0,3.2,0.5
色，戒,李安,梁朝伟,2007,158,美国 / 中国大陆 / 台湾 / 香港,剧情 / 爱情 / 情色,8.2,255725,33.3,44.1,20.5,1.7,0.4
变形金刚,迈克尔·贝,希亚·拉博夫,2007,144,美国,动作 / 科幻,8.1,246837,30.3,48.0,19.5,1.7,0.5
云图,汤姆·提克威 / 拉娜·沃卓斯基 / 莉莉·沃卓斯基,汤姆·汉克斯,2013,134,德国 / 美国 / 香港 / 中国大陆 / 新加坡,剧情 / 科幻 / 悬疑,8.0,276923,31.6,43.0,21.1,3.3,1.0
敦刻尔克,克里斯托弗·诺兰,菲恩·怀特海德,2017,107,英国 / 法国 / 美国 / 荷兰,剧情 / 历史 / 战争,8.4,305588,40.1,44.2,13.9,1.3,0.4
我的少女时代,陈玉珊,宋芸桦,2015,134,台湾,喜剧 / 爱情,7.8,291885,27.3,42.9,24.8,3.8,1.3
幽灵公主,宫崎骏,松田洋治,1997,134,日本,动作 / 爱情 / 动画 / 战争 / 奇幻 / 冒险,8.8,246258,51.4,37.7,10.3,0.5,0.1
无人区,宁浩,徐峥,2013,117,中国大陆,剧情 / 犯罪 / 西部,8.1,273213,29.0,50.3,18.6,1.6,0.5
碟中谍4,布拉德·伯德,汤姆·克鲁斯,2012,133,美国,动作 / 惊悚 / 冒险,8.2,260390,29.3,53.7,16.1,0.8,0.1
甜蜜蜜,陈可辛,黎明,2015,118,香港,剧情 / 爱情,8.8,241177,49.3,40.2,9.9,0.5,0.1
被解救的姜戈,昆汀·塔伦蒂诺,杰米·福克斯,2013,163,美国,剧情 / 动作 / 西部 / 冒险,8.5,262839,41.8,44.9,12.1,0.9,0.2
天下无贼,冯小刚,刘德华,2004,113,中国大陆 / 香港,剧情 / 动作 / 犯罪,7.7,233267,18.4,50.6,28.7,2.1,0.3
怪兽电力公司,彼特·道格特 / 大卫·斯沃曼 / 李·昂克里奇,约翰·古德曼,2001,92,美国,喜剧 / 动画 / 儿童 / 奇幻,8.6,248221,42.6,44.5,12.3,0.5,0.1
芳华,冯小刚,黄轩,2017,136,中国大陆,剧情 / 历史 / 战争,7.8,299575,24.4,46.8,24.5,3.4,0.9
幸福终点站,史蒂文·斯皮尔伯格,汤姆·汉克斯,2005,128,美国,剧情 / 喜剧 / 爱情,8.6,231478,44.9,43.0,11.3,0.7,0.1
第六感,M·奈特·沙马兰,布鲁斯·威利斯,1999,107,美国,剧情 / 悬疑 / 惊悚,8.8,244725,50.1,40.0,9.2,0.5,0.1
鬼子来了,姜文,姜文,2000,139,中国大陆,剧情 / 战争,9.2,248839,66.4,27.1,5.9,0.5,0.2
穆赫兰道,大卫·林奇,娜奥米·沃茨,2001,147,法国 / 美国,剧情 / 悬疑 / 惊悚,8.3,236396,41.9,38.2,15.7,2.7,1.5
速度与激情7,温子仁,范·迪塞尔,2015,137,美国 / 中国大陆 / 日本,动作 / 惊悚 / 犯罪,8.3,265593,38.8,40.0,18.0,2.3,0.8
惊天魔盗团,路易斯·莱特里尔,杰西·艾森伯格,2013,115,美国 / 法国,悬疑 / 犯罪 / 奇幻,7.5,260819,17.3,46.4,31.6,4.0,0.7
假如爱有天意,郭在容,孙艺珍,2003,127,韩国,剧情 / 爱情,8.2,231262,35.8,41.8,19.9,2.0,0.5
非诚勿扰2,冯小刚,葛优,2010,120,中国大陆,喜剧 / 爱情,6.5,231929,7.6,27.9,49.1,12.6,2.8
猩球崛起,鲁伯特·瓦耶特,詹姆斯·弗兰科,2011,105,美国,剧情 / 动作 / 科幻,8.0,248610,24.3,53.2,20.8,1.4,0.2
七月与安生,曾国祥,周冬雨,2016,109,中国大陆 / 香港,剧情 / 爱情,7.6,276018,18.9,48.2,27.9,3.8,1.1
天才枪手,纳塔吾·彭皮里亚,茱蒂蒙·琼查容苏因,2017,130,泰国,剧情 / 悬疑 / 犯罪,8.2,283112,28.5,53.0,17.0,1.2,0.3
亲爱的,陈可辛,赵薇,2014,130,中国大陆 / 香港,剧情 / 家庭,8.3,261878,35.8,47.2,15.6,1.1,0.3
捉妖记,许诚毅,白百何,2015,118,中国大陆 / 香港,喜剧 / 奇幻 / 古装,6.8,267224,11.5,33.3,40.8,10.1,4.2
环太平洋,吉尔莫·德尔·托罗,查理·汉纳姆,2013,131,美国,动作 / 科幻 / 冒险,7.6,259576,22.1,42.2,29.9,4.6,1.2
X战警：逆转未来,布莱恩·辛格,休·杰克曼,2014,131,美国 / 英国,动作 / 科幻 / 冒险,8.2,257701,31.7,47.6,18.9,1.5,0.3
神奇动物在哪里,大卫·叶茨,埃迪·雷德梅恩,2016,133,英国 / 美国,剧情 / 奇幻 / 冒险,7.8,273753,24.9,44.2,27.0,3.3,0.6
心花路放,宁浩,黄渤,2014,118,中国大陆,喜剧 / 爱情,7.0,257492,12.3,37.2,40.3,8.2,2.0
青蛇,徐克,张曼玉,1993,99,香港,剧情 / 奇幻 / 古装,8.4,223991,39.2,44.1,15.6,1.1,0.2
窃听风暴,弗洛里安·亨克尔·冯·多纳斯马尔克,乌尔里希·穆埃,2006,137,德国,剧情 / 悬疑,9.1,239361,63.3,30.1,5.9,0.4,0.1
模仿游戏,莫滕·泰杜姆,本尼迪克特·康伯巴奇,2015,114,英国 / 美国,剧情 / 同性 / 传记 / 战争,8.5,257260,41.8,44.7,12.6,0.8,0.1
玛丽和马克思,亚当·艾略特,托妮·科莱特,2009,92,澳大利亚,剧情 / 动画,8.9,239739,56.2,34.0,8.9,0.8,0.2
地心引力,阿方索·卡隆,桑德拉·布洛克,2013,91,美国 / 英国,科幻 / 惊悚 / 灾难,7.8,252076,26.8,44.1,24.1,3.6,1.4
变脸,吴宇森,约翰·特拉沃尔塔,1997,138,美国,动作 / 科幻 / 惊悚 / 犯罪,8.4,216297,36.0,48.1,15.0,0.8,0.1
猫鼠游戏,史蒂文·斯皮尔伯格,莱昂纳多·迪卡普里奥,2002,141,美国 / 加拿大,剧情 / 传记 / 犯罪,8.7,237030,46.8,43.3,9.3,0.5,0.1
超体,吕克·贝松,斯嘉丽·约翰逊,2014,89,法国,动作 / 科幻,7.1,250679,15.2,34.9,39.4,8.7,1.9
单身男女,杜琪峰,古天乐,2011,115,香港,喜剧 / 爱情,6.8,222375,9.0,34.5,45.1,9.3,2.2
小时代,郭敬明,杨幂,2013,116,中国大陆 / 台湾,剧情 / 喜剧 / 爱情,4.7,250764,5.0,9.3,30.3,25.2,30.2
雨人,巴瑞·莱文森,达斯汀·霍夫曼,1988,133,美国,剧情,8.6,215105,43.2,45.8,10.5,0.5,0.1
爱在黎明破晓前,理查德·林克莱特,伊桑·霍克,1995,101,美国 / 奥地利 / 瑞士,剧情 / 爱情,8.7,229480,51.1,35.9,11.4,1.2,0.3
银河护卫队,詹姆斯·古恩,克里斯·普拉特,2014,121,美国 / 英国,动作 / 科幻 / 冒险,8.0,252364,27.7,46.6,22.6,2.5,0.6
爱在暹罗,楚克·萨克瑞科,维特维斯特·海伦亚沃恩酷,2007,150,泰国,剧情 / 爱情 / 同性,8.3,217848,37.3,40.9,19.6,1.8,0.4
第九区,尼尔·布洛姆坎普,沙尔托·科普雷,2009,112,美国 / 新西兰 / 加拿大 / 南非,剧情 / 动作 / 科幻 / 惊悚,8.2,229782,34.2,44.1,18.7,2.4,0.7
变形金刚2,迈克尔·贝,希亚·拉博夫,2009,150,美国,动作 / 科幻,7.6,224614,19.8,45.9,29.8,3.8,0.8
唐人街探案,陈思诚,王宝强,2015,135,中国大陆,喜剧 / 动作 / 悬疑,7.4,258068,16.7,46.3,30.4,5.0,1.6
明日边缘,道格·里曼,汤姆·克鲁斯,2014,114,美国 / 加拿大,动作 / 科幻,8.0,248021,26.7,50.7,20.6,1.7,0.3
僵尸新娘,蒂姆·波顿 / 迈克·约翰逊,约翰尼·德普,2005,77,美国 / 英国,剧情 / 动画 / 奇幻,8.1,216681,30.0,48.9,19.8,1.2,0.1
烈日灼心,曹保平,邓超,2015,139,中国大陆,剧情 / 悬疑 / 犯罪,7.9,254369,22.8,52.4,22.0,2.3,0.5
钢铁侠,乔恩·费儒,小罗伯特·唐尼,2008,126,美国,动作 / 科幻 / 惊悚 / 冒险,7.8,225467,21.4,51.5,25.1,1.7,0.3
奇异博士,斯科特·德瑞克森,本尼迪克特·康伯巴奇,2016,115,美国,动作 / 奇幻 / 冒险,7.6,258655,19.2,47.1,29.9,3.3,0.5
借东西的小人阿莉埃蒂,米林宏昌,志田未来,2010,94,日本,动画 / 奇幻 / 冒险,8.7,224032,46.5,41.6,11.2,0.5,0.1
后天,罗兰·艾默里奇,丹尼斯·奎德,2004,124,美国,动作 / 科幻 / 冒险 / 灾难,8.0,215664,25.6,51.5,21.4,1.3,0.2
宝贝计划,陈木胜,成龙,2006,125,香港 / 中国大陆,剧情 / 喜剧 / 动作,7.1,201638,11.2,40.7,42.7,4.7,0.7
神偷奶爸2,皮埃尔·柯芬 / 克里斯·雷纳德,史蒂夫·卡瑞尔,2014,99,美国,喜剧 / 动画 / 冒险,8.0,234076,27.9,46.3,23.4,2.0,0.3
萤火虫之墓,高畑勋,辰己努,1988,89,日本,剧情 / 动画 / 战争,8.7,210455,52.1,33.8,11.3,1.6,1.1
无耻混蛋,昆汀·塔伦蒂诺,布拉德·皮特,2009,153,美国 / 德国,剧情 / 犯罪,8.4,224960,38.9,45.6,13.8,1.3,0.4
速度与激情5,林诣彬,范·迪塞尔,2011,130,美国,动作 / 犯罪,8.4,215023,38.4,44.8,15.3,1.2,0.3
钢琴家,罗曼·波兰斯基,艾德里安·布洛迪,2002,150,法国 / 德国 / 英国 / 波兰,剧情 / 传记 / 历史 / 战争,9.0,213445,58.4,34.8,6.4,0.3,0.1
霍比特人1：意外之旅,彼得·杰克逊,伊恩·麦克莱恩,2013,169,美国 / 新西兰,动作 / 奇幻 / 冒险,8.1,228528,32.6,45.2,19.5,2.2,0.6
里约大冒险,卡洛斯·沙尔丹哈,杰西·艾森伯格,2011,96,美国,喜剧 / 动画 / 冒险,8.3,221966,35.5,47.1,16.4,0.9,0.1
查理和巧克力工厂,蒂姆·波顿,约翰尼·德普,2005,115,美国 / 英国 / 澳大利亚,喜剧 / 家庭 / 奇幻 / 冒险,7.9,209694,26.0,47.0,24.5,2.2,0.3
全城热恋,夏永康 / 陈国辉,张学友,2010,93,香港 / 美国 / 中国大陆,喜剧 / 爱情,6.3,206082,4.6,23.2,56.9,13.3,2.1
加勒比海盗2：聚魂棺,戈尔·维宾斯基,约翰尼·德普,2006,151,美国,动作 / 奇幻 / 冒险,8.1,202721,28.5,49.8,20.1,1.4,0.2
教父2,弗朗西斯·福特·科波拉,阿尔·帕西诺,1974,202,美国,剧情 / 犯罪,9.1,199782,62.9,30.3,6.3,0.4,0.1
十月围城,陈德森,甄子丹,2009,139,香港 / 中国大陆,剧情 / 动作 / 历史,7.7,221519,21.5,46.4,27.9,3.5,0.8
搜索,陈凯歌,高圆圆,2012,117,中国大陆,剧情 / 悬疑,7.3,222426,16.1,42.5,34.0,6.0,1.5
爱丽丝梦游仙境,蒂姆·波顿,米娅·华希科沃斯卡,2010,108,美国,奇幻 / 冒险,7.0,217467,11.0,36.6,45.6,6.0,0.7
海底总动员,安德鲁·斯坦顿 / 李·昂克里奇,艾伯特·布鲁克斯,2003,100,美国 / 澳大利亚,喜剧 / 动画 / 家庭 / 冒险,8.2,200768,30.4,51.0,17.8,0.7,0.1
曾经,约翰·卡尼,格伦·汉塞德,2007,85,爱尔兰,剧情 / 爱情 / 音乐,8.3,203467,37.9,42.5,17.4,1.8,0.3
她,斯派克·琼斯,杰昆·菲尼克斯,2013,126,美国,剧情 / 爱情 / 科幻,8.3,228159,36.6,44.2,16.9,1.8,0.4
海角七号,魏德圣,范逸臣,2009,129,台湾,剧情 / 喜剧 / 爱情,7.5,203514,20.1,43.0,31.6,4.3,0.9
爆裂鼓手,达米恩·查泽雷,迈尔斯·特勒,2014,107,美国,剧情 / 音乐,8.6,241718,45.7,40.8,11.8,1.2,0.4
变形金刚3,迈克尔·贝,希亚·拉博夫,2011,154,美国,动作 / 科幻,7.0,213240,12.8,36.9,41.2,7.5,1.7
小鬼当家,克里斯·哥伦布,麦考利·卡尔金,1990,103,美国,喜剧,8.1,193267,26.6,52.1,20.2,0.9,0.1
唐山大地震,冯小刚,徐帆,2010,139,中国大陆 / 香港,剧情 / 历史 / 灾难,7.4,214530,16.9,45.2,32.2,4.4,1.3
11度青春之《老男孩》,肖央,肖央,2010,42,中国大陆,剧情 / 喜剧 / 短片,8.5,209087,44.8,37.4,14.8,2.2,0.8
寒战,梁乐民 / 陆剑青,郭富城,2012,103,香港 / 中国大陆,剧情 / 动作 / 犯罪,7.4,220765,12.9,48.8,34.4,3.4,0.5
艋舺,钮承泽,赵又廷,2010,140,台湾,剧情,7.7,204189,18.6,51.1,27.6,2.3,0.4
大鱼海棠,梁旋 / 张春,季冠霖,2016,105,中国大陆,剧情 / 动画 / 奇幻,6.6,245018,14.6,26.9,37.6,14.2,6.6
神探夏洛克 第一季,保罗·麦奎根 / 尤洛斯·林,本尼迪克特·康伯巴奇,,,英国,剧情 / 悬疑 / 犯罪,9.3,233638,69.8,25.2,4.5,0.4,0.1
恐怖直播,金秉祐,河正宇,2013,97,韩国,剧情 / 悬疑 / 犯罪,8.7,229507,48.3,40.7,10.1,0.7,0.2
爱在日落黄昏时,理查德·林克莱特,伊桑·霍克,2004,80,美国,剧情 / 爱情,8.7,205823,51.9,35.3,11.3,1.2,0.3
饥饿游戏,盖瑞·罗斯,詹妮弗·劳伦斯,2012,142,美国,动作 / 科幻 / 冒险,6.7,217699,9.5,33.1,44.8,10.2,2.4
魔女宅急便,宫崎骏,高山南,1989,103,日本,动画 / 奇幻 / 冒险,8.5,197351,38.4,46.9,14.1,0.5,0.1
加勒比海盗4：惊涛怪浪,罗伯·马歇尔,约翰尼·德普,2011,136,美国,动作 / 奇幻 / 冒险,7.5,208122,17.2,44.2,34.4,3.7,0.5
初恋50次,彼得·西格尔,亚当·桑德勒,2004,99,美国,喜剧 / 爱情,7.9,199162,23.3,48.6,26.2,1.7,0.2
金刚狼3：殊死一战,詹姆斯·曼高德,休·杰克曼,2017,123,美国,剧情 / 动作 / 科幻,8.3,239356,35.0,45.3,17.7,1.6,0.4
妖猫传,陈凯歌,黄轩,2017,129,中国大陆 / 日本,剧情 / 悬疑 / 奇幻 / 古装,7.0,247724,13.6,36.9,37.0,9.5,3.1
新龙门客栈,李惠民,张曼玉,2012,88,香港 / 中国大陆,剧情 / 动作 / 武侠 / 古装,8.5,185613,38.4,47.2,13.6,0.7,0.1
悲惨世界,汤姆·霍珀,休·杰克曼,2013,157,美国 / 英国,剧情 / 爱情 / 音乐,8.5,212420,44.1,39.8,14.0,1.6,0.4
夜访吸血鬼,尼尔·乔丹,布拉德·皮特,1994,123,美国,剧情 / 惊悚 / 奇幻,8.3,196832,36.5,43.8,17.9,1.6,0.3
美国队长2,安东尼·罗素 / 乔·罗素,克里斯·埃文斯,2014,136,美国,动作 / 科幻 / 冒险,7.9,220670,24.1,49.7,24.0,1.9,0.4
叶问,叶伟信,甄子丹,2008,106,香港 / 中国大陆,剧情 / 动作 / 传记 / 历史,7.5,198063,15.4,49.7,31.9,2.6,0.5
我是传奇,弗朗西斯·劳伦斯,威尔·史密斯,2007,101,美国,剧情 / 科幻 / 恐怖,7.9,197875,23.8,48.6,24.8,2.3,0.4
